ArtistID_Original,ArtistName,Gender,BirthDate,BirthPlace,Nationality,Description,ActiveStartDate,ActiveEndDate,Type,ArtistGeoKey
ART82291002,99 posse,M,,Napoli,,gruppo musicale italiano,1991-10-09,,Group,1
ART53496045,achille lauro,M,1990-07-11,Verona,Italia,cantautore e rapper italiano (1990-),2012-01-01,,Person,2
ART18853907,alfa,M,,,,,,,Person,3
ART64265460,anna pepe,F,2003-08-15,La Spezia,,,,,Person,4
ART75741740,articolo 31,M,,Milano,,gruppo musicale hip hop italiano,1990,,Group,5
ART24123617,babaman,M,1975-08-08,Rho,Italia,cantante italiano,,,Person,5
ART40229749,baby k,F,1983-02-05,Singapore,Italia,cantautrice e rapper italiana (1983-),2007-01-01,,Person,6
ART56320683,bassi maestro,M,1973-08-03,Milano,Italia,"rapper, disc jockey, beatmaker e produttore discografico italiano",1988-01-01,,Person,5
ART19605256,beba,F,,,,cognome,,,,7
ART02666525,bigmama,F,2000-03-10,Avellino,,,2001-01-01,,Person,8
ART03111237,brusco,M,1974-01-04,Roma,,cognome,,,Person,9
ART95365016,bushwaka,M,,,,,,,Group,7
ART28846313,caneda,M,1976-09-30,Milano,,cognome,,,Person,5
ART27304446,caparezza,M,1973-10-09,Molfetta,Italia,"rapper, cantautore e produttore discografico italiano (1973-)",1996-01-01,,Person,10
ART70825116,capo plaza,M,1998,Salerno,Italia,rapper italiano (1998-),,,Person,11
ART67409252,chadia rodriguez,F,1998-11-06,Almería,Italia,rapper italiana (1998-),,,Person,12
ART71969350,clementino,M,1982-12-21,Avellino,Italia,rapper e attore italiano (1982-),,,Person,8
ART81071062,club dogo,M,,Milano,,gruppo musicale italiano,,,Group,5
ART78209349,coez,M,1983-07-11,Nocera Inferiore,Italia,cantautore e rapper italiano (1983-),2002-01-01,,Person,11
ART85821920,colle der fomento,M,,,,gruppo musicale italiano,1994,,Group,3
ART59609037,cor veleno,M,,,,gruppo musicale italiano,1997,,Group,3
ART46851094,dani faiv,M,1993-11-05,La Spezia,Italia,rapper italiano (1993-),,,Person,4
ART63985757,dargen d_amico,M,1980-11-29,Milano,,,,,Person,5
ART96068455,dark polo gang,M,,,,gruppo musicale italiano,2014,,Group,3
ART52349448,doll kill,F,1996,,,,,,Person,3
ART14383873,don joe,M,1975-05-14,Milano,Italia,"disc jockey, produttore discografico e rapper italiano (1975-)",,,Person,5
ART09119396,drefgold,M,1997-05-16,Racale,Italia,rapper italiano (1997-),,,Person,13
ART86549066,emis killa,M,1989-11-14,Vimercate,Italia,rapper italiano (1989-),2006-01-01,,Person,14
ART57616402,ensi,M,1985-12-13,Alpignano,Italia,rapper italiano (1985-),2002-01-01,,Person,15
ART19729064,entics,M,1985-03-16,Milano,Italia,cantante italiano,,,Person,5
ART76284946,ernia,M,1993-11-29,Milano,Italia,rapper italiano (1993-),2011-01-01,,Person,5
ART14073567,eva rea,F,,,,,,,,7
ART25707984,fabri fibra,M,1976-10-17,Senigallia,Italia,rapper italiano (1976-),1996-01-01,,Person,16
ART07024718,fedez,M,1989-10-15,Milano,Italia,"rapper, personaggio televisivo e imprenditore italiano (1989-)",2006-01-01,,Person,5
ART46711784,frah quintale,M,1989,Brescia,Italia,cantautore e rapper italiano (1989-),2006-01-01,,Person,17
ART31005348,frankie hi-nrg mc,M,1969-07-18,Torino,Italia,rapper e cantautore italiano (1969-),1991-01-01,,Person,15
ART52465778,fred de palma,M,1989-11-03,Torino,Italia,cantautore e rapper italiano (1989-),,,Person,15
ART85046033,gemitaiz,M,1988-11-04,Roma,Italia,rapper e produttore discografico italiano (1988),2003-01-01,,Person,9
ART87162895,geolier,M,2000-03-23,Napoli,Italia,rapper italiano (2000-),,,Person,1
ART83125571,ghali,M,1993-05-21,Milano,Italia,rapper e cantautore italo-tunisino (1993-),2011-01-01,,Person,5
ART73965015,ghemon,M,1982-04-01,Avellino,Italia,"rapper, cantante e stand up comedian italiano",1996-01-01,,Person,8
ART79325822,grido,M,1979-03-30,Milano,Italia,rapper e cantautore italiano (1979),1996-01-01,,Person,5
ART04141409,guè pequeno,M,1980-12-25,Milano,,,,,Person,5
ART91515842,hell raton,M,1990,Sardegna,Italia,rapper e produttore discografico italiano (1990-),,,Person,18
ART59593021,hindaco,F,,,,,,,,7
ART08177154,il tre,M,1997-09-03,Roma,Italia,rapper e cantautore italiano (1997-),2015-01-01,,Person,9
ART57730937,inoki,M,1979-10-02,Roma,Italia,rapper e produttore discografico italiano (1979),1996-01-01,,Person,19
ART17812958,j-ax,M,1972-08-05,Milano,Italia,"rapper, cantautore e produttore discografico italiano (1972-)",1990-01-01,,Person,5
ART80977821,jack the smoker,M,1982-12-20,Milano,Italia,rapper e produttore discografico italiano (1982-),,,Person,5
ART88792008,jake la furia,M,1979-02-25,Milano,Italia,rapper italiano (1979-),1999-01-01,,Person,5
ART88199433,joey funboy,F,,,,,,,,7
ART07469279,johnny marsiglia,M,,Palermo,,,,,Person,20
ART88423027,la pina,F,1970-06-20,Firenze,Italia,"rapper, conduttrice radiofonica e televisiva italiana (1970-)",,,Person,21
ART39344115,lazza,M,1994-08-22,Scampia,Italia,"rapper, musicista e produttore discografico italiano (1994-)",2012-01-01,,Person,22
ART05528539,luchè,M,1981-01-07,Napoli,Italia,rapper e produttore discografico italiano,,,Person,1
ART20729624,madame,F,2002-01-16,Vicenza,Italia,cantautrice e rapper italiana (2002-),2018-01-01,,Person,23
ART40433104,madman,M,1988-07-25,Grottaglie,Italia,rapper italiano (1988),2006-01-01,,Person,24
ART16868977,mahmood,M,1992-09-12,Milano,Italia,cantautore e paroliere italiano (1992-),2012-01-01,,Person,5
ART61734477,mambolosco,M,1990-08-16,Vicenza,Italia,rapper italiano (1991-),,,Person,23
ART02733420,marracash,M,1979-05-22,Nicosia,Italia,rapper e produttore discografico italiano (1979-),1999-01-01,,Person,25
ART63613967,massimo pericolo,M,1992-11-30,Gallarate,Italia,criminale e rapper italiano,,,Person,26
ART37807199,mike24,M,,,,,,,,7
ART43601431,miss keta,F,,Milano,,,,,Person,5
ART51628788,miss simpatia,F,,,,,,,,7
ART48537029,mistaman,M,1976-09-11,Treviso,Italia,rapper italiano,,,Person,27
ART66452136,mistico,M,,,,tipo di barca a vela usata nel XVIII e XIX secolo,,,,3
ART91352277,mondo marcio,M,1986-12-01,Milano,Italia,rapper e produttore discografico italiano,,,Person,5
ART71846481,mr. rain,M,1991-11-19,Desenzano del Garda,Italia,cantautore e rapper italiano (1991-),2011-01-01,,Person,17
ART86576759,mudimbi,M,1986-10-17,San Benedetto del Tronto,Italia,cantante italiano,2013-01-01,,Person,28
ART52272796,neffa,M,1967-10-07,Scafati,Italia,"cantautore, rapper e produttore discografico italiano (1967-)",1988-01-01,,Person,11
ART62385172,nerone,M,1991-05-23,Milano,,opera lirica di Pietro Mascagni,,,Person,5
ART07629990,nesli,M,1980-12-29,Senigallia,Italia,"cantautore, rapper e produttore discografico italiano",1990-01-01,,Person,29
ART19060721,niky savage,M,1997-07-22,Milano,,Rapper italiano,,,Person,5
ART78358659,nitro,M,1993-02-11,Vicenza,Italia,rapper italiano (1993-),2007-01-01,,Person,23
ART07127070,noyz narcos,M,1979-12-15,Roma,Italia,rapper e produttore discografico italiano (1979-),1996-01-01,,Person,9
ART42220690,o zulù,M,1970-11-15,Napoli,,,,,Person,1
ART12092805,papa v,M,2001-02-19,Pieve Emanuele,Italia,rapper italiano (2001-),,,Person,5
ART66932389,piotta,M,1973-04-26,Roma,Italia,rapper e produttore discografico italiano (1973-),1994-01-01,,Person,9
ART87389753,priestess,F,,Montréal,,gruppo musicale canadese,2004-10,2012,Group,30
ART08456301,rancore,M,1989-07-19,Roma,Italia,rapper italiano (1989-),2004-01-01,,Person,9
ART89596800,rkomi,M,1994-04-19,Milano,Italia,rapper e cantautore italiano (1994-),2012-01-01,,Person,5
ART17240256,rocco hunt,M,1994-11-21,Salerno,Italia,cantautore e rapper italiano (1994-),2009-01-01,,Person,11
ART08302616,rondodasosa,M,2002-04-29,San Siro,Italia,rapper italiano (2002-),,,Person,5
ART04205421,rosa chemical,M,1998-01-30,Alpignano,Italia,rapper e cantautore italiano (1998-),2015-01-01,,Person,15
ART74676403,rose villain,F,1989-07-20,Milano,Italia,cantautrice e rapper italiana (1989-),2010-01-01,,Person,5
ART02449272,roshelle,F,1995-09-18,Lodi,Italia,cantante e rapper italiana (1995-),2016-01-01,,Person,31
ART48622722,salmo,M,1984-06-29,Olbia,Italia,rapper e produttore discografico italiano (1984-),1997-01-01,,Person,32
ART56967402,samuel heron,M,1991,La Spezia,,,,,Person,4
ART87497821,sfera ebbasta,M,1992-12-07,Sesto San Giovanni,Italia,rapper italiano (1992-),2011-01-01,,Person,5
ART98307962,shablo,M,1980-11-17,Buenos Aires,Argentina,disc jockey e produttore discografico italo-argentino (1980-),,,Person,33
ART26418649,shade,M,1987-12-10,Torino,Italia,rapper e doppiatore italiano (1987-),2005-01-01,,Person,15
ART64850829,shiva,M,1999-08-27,Milano,,dio indiano della distruzione e della trasformazione,,,Person,5
ART41225226,skioffi,M,,Avellino,,,,,Person,8
ART28717687,slait,M,1987-01-24,Olbia,Italia,rapper e produttore discografico italiano (1987-),,,Person,34
ART22979236,sottotono,M,,,,gruppo musicale italiano,1994,2001,Group,3
ART85780419,tedua,M,1994-02-21,Cogoleto,Italia,"cantautore, rapper e attore italiano (1994-)",,,Person,35
ART88026810,thasup,M,2001-03-17,Fiumicino,Italia,rapper e produttore discografico italiano (2001-),2015-01-01,,Person,9
ART51721248,tony boy,M,1999-09-26,Padova,Italia,rapper italiano (1999-),,,Person,36
ART57242110,tony effe,M,1991-05-17,Roma,Italia,rapper italiano (1991-),,,Person,9
ART98118784,tormento,M,1975-09-06,Reggio Calabria,Italia,"rapper, cantautore e beatmaker italiano (1975-)",,,Person,37
ART15560128,vacca,M,1979-10-21,Cagliari,Italia,rapper italiano,2001-01-01,,Person,38
ART57587384,willie peyote,M,1985-08-28,Torino,Italia,rapper e cantautore italiano (1985-),2004-01-01,,Person,15
ART71515715,yeиdry,F,1993-07-27,Santo Domingo,,,,,Person,39
ART83631935,yung snapp,M,1996-08-06,Napoli,Italia,produttore discografico e rapper italiano,,,Person,1
